/*
 Navicat Premium Data Transfer

 Source Server         : 127.0.0.1
 Source Server Type    : MySQL
 Source Server Version : 50515
 Source Host           : localhost:3306
 Source Schema         : mettre_frame

 Target Server Type    : MySQL
 Target Server Version : 50515
 File Encoding         : 65001

 Date: 01/07/2020 17:35:11
*/

SET NAMES utf8mb4;
SET FOREIGN_KEY_CHECKS = 0;

-- ----------------------------
-- Table structure for f_account
-- ----------------------------
DROP TABLE IF EXISTS `f_account`;
CREATE TABLE `f_account`  (
  `id` bigint(20) NOT NULL AUTO_INCREMENT,
  `title` varchar(20) CHARACTER SET utf8 COLLATE utf8_unicode_ci NOT NULL COMMENT '账目标题',
  `amount` decimal(10, 2) NOT NULL COMMENT '账目金额',
  `classification` varchar(20) CHARACTER SET utf8 COLLATE utf8_unicode_ci NOT NULL COMMENT '账目类型（餐饮、购物...）',
  `type` int(2) NOT NULL COMMENT '支出：0  收入：1',
  `record_day` date NOT NULL COMMENT '日期',
  `crate_time` timestamp NOT NULL DEFAULT CURRENT_TIMESTAMP ON UPDATE CURRENT_TIMESTAMP COMMENT '记录插入日期',
  `modify_time` timestamp DEFAULT NULL COMMENT '修改时间',
  `user_id` bigint(20) NOT NULL COMMENT '用户id',
  PRIMARY KEY (`id`) USING BTREE
) ENGINE = InnoDB AUTO_INCREMENT = 1000056 CHARACTER SET = utf8 COLLATE = utf8_unicode_ci ROW_FORMAT = Compact;

-- ----------------------------
-- Records of f_account
-- ----------------------------
INSERT INTO `f_account` VALUES (1000001, '测试消费', 0.01, '10001', 0, '2020-06-21', '2020-06-23 12:03:56', NULL, 2018111514554801539);
INSERT INTO `f_account` VALUES (1000016, '测试消费', 0.01, '10001', 0, '2020-06-21', '2020-06-23 12:03:58', NULL, 2018111514554801539);
INSERT INTO `f_account` VALUES (1000031, '盛泽超市购物', 99.00, '10004', 0, '2020-06-22', '2020-06-23 12:04:44', NULL, 2018111514554801539);
INSERT INTO `f_account` VALUES (1000032, '周末买菜', 154.20, '10007', 0, '2020-06-23', '2020-06-23 12:04:44', NULL, 2018111514554801539);
INSERT INTO `f_account` VALUES (1000033, '午饭', 15.00, '10001', 0, '2020-06-23', '2020-06-23 12:04:45', NULL, 2018111514554801539);
INSERT INTO `f_account` VALUES (1000034, '午饭', 18.00, '10001', 0, '2020-06-19', '2020-06-23 12:04:47', NULL, 2018111514554801539);
INSERT INTO `f_account` VALUES (1000035, '晚饭', 22.00, '10001', 0, '2020-06-19', '2020-06-23 12:04:49', NULL, 2018111514554801539);
INSERT INTO `f_account` VALUES (1000036, '午饭', 15.00, '10001', 0, '2020-06-13', '2020-06-23 12:04:50', NULL, 2018111514554801539);
INSERT INTO `f_account` VALUES (1000037, '顺风车', 112.50, '10024', 1, '2020-06-23', '2020-06-23 12:04:51', NULL, 2018111514554801539);
INSERT INTO `f_account` VALUES (1000038, '抢红包', 0.21, '10026', 1, '2020-06-21', '2020-06-23 12:04:52', NULL, 2018111514554801539);
INSERT INTO `f_account` VALUES (1000039, '余额宝收益', 0.79, '10025', 1, '2020-06-19', '2020-06-23 12:04:54', NULL, 2018111514554801539);
INSERT INTO `f_account` VALUES (1000040, '余额宝收益', 0.81, '10025', 1, '2020-06-20', '2020-06-23 12:04:55', NULL, 2018111514554801539);
INSERT INTO `f_account` VALUES (1000041, '余额宝收益', 1.21, '10025', 1, '2020-06-21', '2020-06-23 12:04:56', NULL, 2018111514554801539);
INSERT INTO `f_account` VALUES (1000042, '晚饭', 188.20, '10001', 0, '2020-06-09', '2020-06-23 12:04:58', NULL, 2018111514554801539);
INSERT INTO `f_account` VALUES (1000043, '老阿爸聚餐', 362.11, '10001', 0, '2020-06-29', '2020-06-30 12:47:17', NULL, 2018111514554801539);
INSERT INTO `f_account` VALUES (1000044, '阿拉拉类', 55.11, '10001', 0, '2020-06-30', '2020-06-30 11:25:34', NULL, 2018111514554801539);
INSERT INTO `f_account` VALUES (1000045, '工资', 666.00, '10023', 1, '2020-06-30', '2020-06-30 11:35:16', NULL, 2018111514554801539);
INSERT INTO `f_account` VALUES (1000046, '天弘购物', 55.19, '10004', 0, '2020-06-23', '2020-06-30 12:47:51', NULL, 2018112614561030387);
INSERT INTO `f_account` VALUES (1000047, '午饭', 18.00, '10001', 0, '2020-06-23', '2020-06-30 12:47:46', NULL, 2018112614561030387);
INSERT INTO `f_account` VALUES (1000048, '扫把', 25.00, '10005', 0, '2020-06-24', '2020-06-30 12:47:42', NULL, 2018112614561030387);
INSERT INTO `f_account` VALUES (1000049, '短袖', 88.90, '10013', 0, '2020-06-30', '2020-06-30 12:40:28', NULL, 2018111514554801539);
INSERT INTO `f_account` VALUES (1000050, '做头发', 33.00, '10014', 0, '2020-06-30', '2020-06-30 12:48:10', NULL, 2018112614561030387);
INSERT INTO `f_account` VALUES (1000051, '工资', 999.00, '10023', 1, '2020-06-29', '2020-06-30 12:48:43', NULL, 2018112614561030387);
INSERT INTO `f_account` VALUES (1000052, '生日', 100.00, '10026', 1, '2020-06-30', '2020-06-30 12:50:15', NULL, 2018112614561030387);
INSERT INTO `f_account` VALUES (1000053, '脉动', 5.02, '10009', 0, '2020-06-30', '2020-06-30 14:29:03', NULL, 2020062911210034485);
INSERT INTO `f_account` VALUES (1000054, '可口可乐', 3.50, '10009', 0, '2020-06-30', '2020-06-30 14:29:17', NULL, 2020062911210034485);
INSERT INTO `f_account` VALUES (1000055, '卖鸡蛋', 55.80, '10024', 1, '2020-06-30', '2020-06-30 17:22:19', NULL, 2020062911210034485);

-- ----------------------------
-- Table structure for f_account_classification
-- ----------------------------
DROP TABLE IF EXISTS `f_account_classification`;
CREATE TABLE `f_account_classification`  (
  `id` bigint(20) NOT NULL AUTO_INCREMENT COMMENT '账目分类id',
  `classification_title` varchar(255) CHARACTER SET utf8 COLLATE utf8_unicode_ci NOT NULL COMMENT '分类名称',
  `classification_type` int(10) NOT NULL COMMENT '账目分类类别 0：消费 1：入账',
  PRIMARY KEY (`id`) USING BTREE,
  UNIQUE INDEX `title`(`classification_title`) USING BTREE COMMENT '唯一索引（账单分类不能重复）'
) ENGINE = InnoDB AUTO_INCREMENT = 10028 CHARACTER SET = utf8 COLLATE = utf8_unicode_ci ROW_FORMAT = Compact;

-- ----------------------------
-- Records of f_account_classification
-- ----------------------------
INSERT INTO `f_account_classification` VALUES (10001, '餐饮', 0);
INSERT INTO `f_account_classification` VALUES (10004, '购物', 0);
INSERT INTO `f_account_classification` VALUES (10005, '日用', 0);
INSERT INTO `f_account_classification` VALUES (10006, '交通', 0);
INSERT INTO `f_account_classification` VALUES (10007, '蔬菜', 0);
INSERT INTO `f_account_classification` VALUES (10008, '水果', 0);
INSERT INTO `f_account_classification` VALUES (10009, '零食', 0);
INSERT INTO `f_account_classification` VALUES (10010, '运动', 0);
INSERT INTO `f_account_classification` VALUES (10011, '娱乐', 0);
INSERT INTO `f_account_classification` VALUES (10012, '通讯', 0);
INSERT INTO `f_account_classification` VALUES (10013, '服饰', 0);
INSERT INTO `f_account_classification` VALUES (10014, '美容', 0);
INSERT INTO `f_account_classification` VALUES (10015, '住房', 0);
INSERT INTO `f_account_classification` VALUES (10016, '居家', 0);
INSERT INTO `f_account_classification` VALUES (10017, '孩子', 0);
INSERT INTO `f_account_classification` VALUES (10018, '长辈', 0);
INSERT INTO `f_account_classification` VALUES (10019, '社交', 0);
INSERT INTO `f_account_classification` VALUES (10020, '旅行', 0);
INSERT INTO `f_account_classification` VALUES (10021, '烟酒', 0);
INSERT INTO `f_account_classification` VALUES (10022, '数码', 0);
INSERT INTO `f_account_classification` VALUES (10023, '工资', 1);
INSERT INTO `f_account_classification` VALUES (10024, '兼职', 1);
INSERT INTO `f_account_classification` VALUES (10025, '理财', 1);
INSERT INTO `f_account_classification` VALUES (10026, '礼金', 1);
INSERT INTO `f_account_classification` VALUES (10027, '其他', 1);

-- ----------------------------
-- Table structure for f_recommend
-- ----------------------------
DROP TABLE IF EXISTS `f_recommend`;
CREATE TABLE `f_recommend`  (
  `recommend_id` int(11) NOT NULL AUTO_INCREMENT COMMENT '推荐id',
  `user_id` varchar(255) CHARACTER SET utf8 COLLATE utf8_unicode_ci NOT NULL COMMENT '用户id',
  `creation_time` datetime DEFAULT NULL,
  PRIMARY KEY (`recommend_id`) USING BTREE,
  UNIQUE INDEX `user_id`(`user_id`) USING BTREE COMMENT '唯一索引'
) ENGINE = InnoDB AUTO_INCREMENT = 1000013 CHARACTER SET = utf8 COLLATE = utf8_unicode_ci ROW_FORMAT = Compact;

-- ----------------------------
-- Records of f_recommend
-- ----------------------------
INSERT INTO `f_recommend` VALUES (1000004, '2018111514554801539', '2020-06-29 09:59:25');
INSERT INTO `f_recommend` VALUES (1000005, '2018112209485799882', '2020-06-29 09:59:32');
INSERT INTO `f_recommend` VALUES (1000006, '2018112614440997566', '2020-06-29 09:59:45');
INSERT INTO `f_recommend` VALUES (1000007, '2018112522392311637', '2020-06-29 09:59:52');
INSERT INTO `f_recommend` VALUES (1000009, '2020062814235086899', '2020-06-29 10:50:57');
INSERT INTO `f_recommend` VALUES (1000011, '2018112614561030387', '2020-06-29 10:51:23');
INSERT INTO `f_recommend` VALUES (1000012, '2020062814380699452', '2020-06-29 10:51:37');

-- ----------------------------
-- Table structure for wc_feedback
-- ----------------------------
DROP TABLE IF EXISTS `wc_feedback`;
CREATE TABLE `wc_feedback`  (
  `feedback_id` bigint(11) NOT NULL AUTO_INCREMENT,
  `user_id` varchar(255) CHARACTER SET utf8 COLLATE utf8_unicode_ci NOT NULL COMMENT '反馈人id',
  `creation_time` datetime NOT NULL COMMENT '创建时间',
  `update_time` datetime DEFAULT NULL COMMENT '修改时间',
  `content` varchar(255) CHARACTER SET utf8 COLLATE utf8_unicode_ci NOT NULL COMMENT '反馈内容部分',
  `state` varchar(255) CHARACTER SET utf8 COLLATE utf8_unicode_ci DEFAULT NULL COMMENT '反馈处理状态',
  PRIMARY KEY (`feedback_id`) USING BTREE
) ENGINE = InnoDB AUTO_INCREMENT = 1006 CHARACTER SET = utf8 COLLATE = utf8_unicode_ci ROW_FORMAT = Compact;

-- ----------------------------
-- Records of wc_feedback
-- ----------------------------
INSERT INTO `wc_feedback` VALUES (1001, '2018111514554801539', '2018-11-30 15:41:44', '2018-11-30 16:00:17', '你们这个app好难用啊', 'ADOPTED');
INSERT INTO `wc_feedback` VALUES (1002, '2018111514554801539', '2018-11-30 16:05:11', '2018-11-30 16:05:11', '真的好难用啊', 'SUBMITTED');
INSERT INTO `wc_feedback` VALUES (1003, '2018111514554801539', '2019-06-21 15:50:03', '2019-06-21 15:50:03', '我是反馈的第一条，安德拉', 'SUBMITTED');
INSERT INTO `wc_feedback` VALUES (1004, '2018111514554801539', '2019-06-21 16:06:21', '2019-06-21 16:06:21', '如果说你是下雨的萤火，而我在为你颤抖1我们是不是你最疼爱的人？', 'SUBMITTED');
INSERT INTO `wc_feedback` VALUES (1005, '2018112614440997566', '2019-10-16 13:08:58', '2019-10-16 13:08:58', '十四日', 'SUBMITTED');

-- ----------------------------
-- Table structure for wc_file
-- ----------------------------
DROP TABLE IF EXISTS `wc_file`;
CREATE TABLE `wc_file`  (
  `file_id` bigint(11) NOT NULL AUTO_INCREMENT,
  `file_link` varchar(255) CHARACTER SET utf8 COLLATE utf8_unicode_ci NOT NULL,
  `creation_time` datetime NOT NULL,
  PRIMARY KEY (`file_id`) USING BTREE
) ENGINE = InnoDB AUTO_INCREMENT = 100017 CHARACTER SET = utf8 COLLATE = utf8_unicode_ci ROW_FORMAT = Compact;

-- ----------------------------
-- Records of wc_file
-- ----------------------------
INSERT INTO `wc_file` VALUES (100001, 'upload_image\\80380480817467392.png', '2018-11-29 09:35:41');
INSERT INTO `wc_file` VALUES (100002, 'upload_image\\80384867728101376.png', '2018-11-29 09:53:06');
INSERT INTO `wc_file` VALUES (100003, 'upload_image\\80385211606503424.png', '2018-11-29 09:54:28');
INSERT INTO `wc_file` VALUES (100004, 'upload_image\\80386576693071872.png', '2018-11-29 09:59:54');
INSERT INTO `wc_file` VALUES (100005, 'upload_image\\80387527466291200.png', '2018-11-29 10:03:41');
INSERT INTO `wc_file` VALUES (100006, 'upload_image\\80388348136394752.png', '2018-11-29 10:06:56');
INSERT INTO `wc_file` VALUES (100007, 'upload_image\\80405917752889344.png', '2018-11-29 11:16:45');
INSERT INTO `wc_file` VALUES (100008, 'upload_image\\80407955207360512.png', '2018-11-29 11:24:51');
INSERT INTO `wc_file` VALUES (100009, 'upload_image\\80408194085556224.png', '2018-11-29 11:25:48');
INSERT INTO `wc_file` VALUES (100010, 'upload_image\\80433154661289984.png', '2018-11-29 13:04:59');
INSERT INTO `wc_file` VALUES (100011, 'upload_image\\80433171480449024.png', '2018-11-29 13:05:03');
INSERT INTO `wc_file` VALUES (100012, 'upload_image\\80433179957137408.png', '2018-11-29 13:05:05');
INSERT INTO `wc_file` VALUES (100015, 'upload_image\\80437297165635584.zip', '2018-11-29 13:21:27');
INSERT INTO `wc_file` VALUES (100016, 'upload_image\\80437339440025600.jpg', '2018-11-29 13:21:37');

-- ----------------------------
-- Table structure for wc_follow
-- ----------------------------
DROP TABLE IF EXISTS `wc_follow`;
CREATE TABLE `wc_follow`  (
  `follow_id` bigint(11) NOT NULL AUTO_INCREMENT,
  `user_id` varchar(255) CHARACTER SET utf8 COLLATE utf8_unicode_ci NOT NULL COMMENT '用户id',
  `followed_user` varchar(255) CHARACTER SET utf8 COLLATE utf8_unicode_ci NOT NULL COMMENT '被关注人的用户id',
  `status` tinyint(4) NOT NULL COMMENT '关注状态:是否取消关注等',
  `creation_time` datetime NOT NULL COMMENT '关注时间',
  `update_time` datetime NOT NULL COMMENT '修改时间',
  PRIMARY KEY (`follow_id`) USING BTREE
) ENGINE = InnoDB AUTO_INCREMENT = 100064 CHARACTER SET = utf8 COLLATE = utf8_unicode_ci COMMENT = '关注关系表' ROW_FORMAT = Compact;

-- ----------------------------
-- Records of wc_follow
-- ----------------------------
INSERT INTO `wc_follow` VALUES (100001, '2018112209485799882', '2018111514554801539', 1, '2018-11-23 22:48:51', '2018-11-25 15:34:13');
INSERT INTO `wc_follow` VALUES (100002, '2018111514554801539', '2018112209485799882', 1, '2018-11-23 22:51:44', '2018-11-23 22:56:13');
INSERT INTO `wc_follow` VALUES (100003, '2018111514554801539', '2018112522392311637', 1, '2018-11-25 22:40:48', '2018-11-25 22:40:48');
INSERT INTO `wc_follow` VALUES (100004, '2018112522392311637', '2018111514554801539', 1, '2018-11-26 12:47:07', '2018-11-26 12:47:07');
INSERT INTO `wc_follow` VALUES (100005, '2018111514554801539', '2018112614561030387', 1, '2019-06-26 17:34:45', '2019-06-26 17:34:45');
INSERT INTO `wc_follow` VALUES (100006, '2018111514554801539', '2018112614440997566', 1, '2019-06-26 17:35:03', '2020-06-29 10:16:52');
INSERT INTO `wc_follow` VALUES (100007, '2018112614440997566', '2018111514554801539', 1, '2019-10-16 13:18:15', '2019-10-16 13:18:15');
INSERT INTO `wc_follow` VALUES (100008, '2018112614440997566', '2018112209485799882', 1, '2019-10-16 13:19:11', '2019-10-16 13:19:11');
INSERT INTO `wc_follow` VALUES (100009, '2018112614440997566', '2018112522392311637', 1, '2019-10-16 13:19:13', '2019-10-16 13:19:13');
INSERT INTO `wc_follow` VALUES (100010, '2018112614440997566', '2018112614561030387', 1, '2019-10-16 15:53:08', '2019-10-16 15:53:08');
INSERT INTO `wc_follow` VALUES (100011, '2020062814235086899', '2018111514554801539', 1, '2020-06-28 14:59:52', '2020-06-28 14:59:52');
INSERT INTO `wc_follow` VALUES (100012, '2020062814235086899', '2020062814380699452', 1, '2020-06-28 16:24:21', '2020-06-28 16:24:21');
INSERT INTO `wc_follow` VALUES (100013, '2020062814235086899', '2020062814252099804', 1, '2020-06-28 16:24:23', '2020-06-28 16:24:23');
INSERT INTO `wc_follow` VALUES (100014, '2020062814235086899', '2018112614561030387', 1, '2020-06-28 16:30:35', '2020-06-28 16:30:35');
INSERT INTO `wc_follow` VALUES (100015, '2018111514554801539', '2020062814235086899', 1, '2020-06-28 17:05:35', '2020-06-28 17:05:35');
INSERT INTO `wc_follow` VALUES (100016, '2018111514554801539', '2020062814252099804', 1, '2020-06-29 10:17:12', '2020-06-29 10:17:12');
INSERT INTO `wc_follow` VALUES (100019, '2018112614440997566', '2020062814380699452', 1, '2020-06-29 10:52:01', '2020-06-29 10:52:01');
INSERT INTO `wc_follow` VALUES (100020, '2018112614440997566', '2020062814235086899', 1, '2020-06-29 10:52:02', '2020-06-29 10:52:02');
INSERT INTO `wc_follow` VALUES (100021, '2020062911120038295', '2018112614561030387', 1, '2020-06-29 11:12:55', '2020-06-29 11:12:55');
INSERT INTO `wc_follow` VALUES (100022, '2020062911120038295', '2020062814235086899', 1, '2020-06-29 11:12:55', '2020-06-29 11:12:55');
INSERT INTO `wc_follow` VALUES (100023, '2020062911120038295', '2018112522392311637', 1, '2020-06-29 11:12:55', '2020-06-29 11:12:55');
INSERT INTO `wc_follow` VALUES (100024, '2020062911120038295', '2018112614440997566', 1, '2020-06-29 11:12:55', '2020-06-29 11:12:55');
INSERT INTO `wc_follow` VALUES (100025, '2020062911120038295', '2018112209485799882', 1, '2020-06-29 11:12:56', '2020-06-29 11:12:56');
INSERT INTO `wc_follow` VALUES (100026, '2018111514554801539', '2020062911120038295', 1, '2020-06-29 11:14:35', '2020-06-29 11:14:35');
INSERT INTO `wc_follow` VALUES (100027, '2020062911120038295', '2018111514554801539', 1, '2020-06-29 11:15:02', '2020-06-29 11:15:02');
INSERT INTO `wc_follow` VALUES (100028, '2020062912054633912', '2018111514554801539', 1, '2020-06-29 12:05:53', '2020-06-29 12:05:53');
INSERT INTO `wc_follow` VALUES (100029, '2020062912054633912', '2018112614440997566', 1, '2020-06-29 12:05:53', '2020-06-29 12:05:53');
INSERT INTO `wc_follow` VALUES (100030, '2020062912054633912', '2018112522392311637', 1, '2020-06-29 12:05:53', '2020-06-29 12:05:53');
INSERT INTO `wc_follow` VALUES (100031, '2020062912054633912', '2020062814235086899', 1, '2020-06-29 12:05:54', '2020-06-29 12:05:54');
INSERT INTO `wc_follow` VALUES (100032, '2020062912054633912', '2018112614561030387', 1, '2020-06-29 12:05:54', '2020-06-29 12:05:54');
INSERT INTO `wc_follow` VALUES (100033, '2020062912054633912', '2018112209485799882', 1, '2020-06-29 12:05:55', '2020-06-29 12:05:55');
INSERT INTO `wc_follow` VALUES (100034, '2020062912054633912', '2020062814380699452', 1, '2020-06-29 12:05:55', '2020-06-29 12:05:55');
INSERT INTO `wc_follow` VALUES (100035, '2020062912304297326', '2018112209485799882', 1, '2020-06-29 12:30:54', '2020-06-29 12:30:54');
INSERT INTO `wc_follow` VALUES (100036, '2020062912304297326', '2018111514554801539', 1, '2020-06-29 12:30:56', '2020-06-29 12:30:56');
INSERT INTO `wc_follow` VALUES (100037, '2018111514554801539', '2020062814380699452', 1, '2020-06-29 12:32:07', '2020-06-29 12:32:07');
INSERT INTO `wc_follow` VALUES (100038, '2018111514554801539', '2020062814181153910', 1, '2020-06-29 16:42:01', '2020-06-29 16:42:01');
INSERT INTO `wc_follow` VALUES (100039, '2018111514554801539', '2020062814270290510', 1, '2020-06-29 16:42:02', '2020-06-29 16:42:02');
INSERT INTO `wc_follow` VALUES (100040, '2018111514554801539', '2020062911210034485', 1, '2020-06-29 16:42:04', '2020-06-29 16:42:04');
INSERT INTO `wc_follow` VALUES (100041, '2018111514554801539', '2020062912054633912', 1, '2020-06-29 17:25:29', '2020-06-29 17:25:29');
INSERT INTO `wc_follow` VALUES (100042, '2018111514554801539', '2020062911004668327', 1, '2020-06-29 17:25:31', '2020-06-29 17:25:31');
INSERT INTO `wc_follow` VALUES (100043, '2018111514554801539', '2020062814390732620', 1, '2020-06-29 17:25:32', '2020-06-29 17:25:32');
INSERT INTO `wc_follow` VALUES (100044, '2018111514554801539', '2020062912304297326', 1, '2020-06-29 17:25:34', '2020-06-29 17:25:34');
INSERT INTO `wc_follow` VALUES (100045, '2018112614561030387', '2018111514554801539', 1, '2020-06-30 12:23:36', '2020-06-30 12:23:36');
INSERT INTO `wc_follow` VALUES (100046, '2018112614561030387', '2018112614440997566', 1, '2020-06-30 12:23:37', '2020-06-30 12:23:37');
INSERT INTO `wc_follow` VALUES (100047, '2018112614561030387', '2018112209485799882', 1, '2020-06-30 12:49:17', '2020-06-30 12:49:17');
INSERT INTO `wc_follow` VALUES (100048, '2018112614561030387', '2018112522392311637', 1, '2020-06-30 12:49:18', '2020-06-30 12:49:18');
INSERT INTO `wc_follow` VALUES (100049, '2018112614561030387', '2020062814380699452', 1, '2020-06-30 12:49:20', '2020-06-30 12:49:20');
INSERT INTO `wc_follow` VALUES (100050, '2018112614561030387', '2020062912054633912', 1, '2020-06-30 12:50:46', '2020-06-30 12:50:46');
INSERT INTO `wc_follow` VALUES (100051, '2018112614561030387', '2020062911210034485', 1, '2020-06-30 12:50:46', '2020-06-30 12:50:46');
INSERT INTO `wc_follow` VALUES (100052, '2018112614561030387', '2020062814235086899', 1, '2020-06-30 12:50:49', '2020-06-30 12:50:49');
INSERT INTO `wc_follow` VALUES (100053, '2018112614561030387', '2020062814181153910', 1, '2020-06-30 12:50:49', '2020-06-30 12:50:49');
INSERT INTO `wc_follow` VALUES (100054, '2020062911210034485', '2018112209485799882', 1, '2020-06-30 14:30:45', '2020-06-30 14:30:45');
INSERT INTO `wc_follow` VALUES (100055, '2020062911210034485', '2018111514554801539', 1, '2020-06-30 14:30:46', '2020-06-30 14:30:46');
INSERT INTO `wc_follow` VALUES (100056, '2020062911210034485', '2018112614561030387', 1, '2020-06-30 14:30:47', '2020-06-30 14:30:47');
INSERT INTO `wc_follow` VALUES (100057, '2020062911210034485', '2020062912304297326', 1, '2020-06-30 14:31:06', '2020-06-30 14:31:06');
INSERT INTO `wc_follow` VALUES (100058, '2020062911210034485', '2020062912054633912', 1, '2020-06-30 14:31:06', '2020-06-30 14:31:06');
INSERT INTO `wc_follow` VALUES (100059, '2020062911210034485', '2018112614440997566', 1, '2020-06-30 14:31:08', '2020-06-30 14:31:08');
INSERT INTO `wc_follow` VALUES (100060, '2020062911210034485', '2018112522392311637', 1, '2020-06-30 14:32:37', '2020-06-30 14:32:37');
INSERT INTO `wc_follow` VALUES (100061, '2020062911210034485', '2020062814380699452', 1, '2020-06-30 14:32:38', '2020-06-30 14:32:38');
INSERT INTO `wc_follow` VALUES (100062, '2020062911210034485', '2020062814235086899', 1, '2020-06-30 14:32:40', '2020-06-30 14:32:40');
INSERT INTO `wc_follow` VALUES (100063, '2018111514554801539', '111', 1, '2020-06-30 14:46:49', '2020-06-30 14:46:49');

-- ----------------------------
-- Table structure for wc_moments
-- ----------------------------
DROP TABLE IF EXISTS `wc_moments`;
CREATE TABLE `wc_moments`  (
  `moments_id` varchar(255) CHARACTER SET utf8 COLLATE utf8_unicode_ci NOT NULL DEFAULT '' COMMENT '说说id',
  `moments_title` varchar(140) CHARACTER SET utf8 COLLATE utf8_unicode_ci NOT NULL COMMENT '说说标题',
  `publisher_user_id` varchar(255) CHARACTER SET utf8 COLLATE utf8_unicode_ci NOT NULL COMMENT '说说发布人',
  `creation_time` datetime NOT NULL COMMENT '发布时间',
  `is_show` tinyint(4) NOT NULL COMMENT '是否发布',
  `moments_image` varchar(255) CHARACTER SET utf8 COLLATE utf8_unicode_ci DEFAULT NULL COMMENT '说说图',
  `moments_type` varchar(255) CHARACTER SET utf8 COLLATE utf8_unicode_ci NOT NULL COMMENT '  ',
  PRIMARY KEY (`moments_id`, `moments_title`) USING BTREE
) ENGINE = InnoDB CHARACTER SET = utf8 COLLATE = utf8_unicode_ci ROW_FORMAT = Compact;

-- ----------------------------
-- Records of wc_moments
-- ----------------------------
INSERT INTO `wc_moments` VALUES ('2018112311245829795', '今天天气真好啊，发张图大家看看', '2018111514554801539', '2018-11-23 11:24:58', 1, 'https://timgsa.baidu.com/timg?image&quality=80&size=b9999_10000&sec=1543548249&di=74b243a26a5d8aac750843dfd39e8cf3&imgtype=jpg&er=1&src=http%3A%2F%2Fs14.sinaimg.cn%2Fmw690%2F002ZriB0zy72JzMLZz7dd%26amp%3B690', 'PHOTO');
INSERT INTO `wc_moments` VALUES ('2018112312415908495', '哈哈哈，试一下新效果', '2018111514554801539', '2018-11-24 12:41:59', 1, 'https://timgsa.baidu.com/timg?image&quality=80&size=b9999_10000&sec=1543548249&di=74b243a26a5d8aac750843dfd39e8cf3&imgtype=jpg&er=1&src=http%3A%2F%2Fs14.sinaimg.cn%2Fmw690%2F002ZriB0zy72JzMLZz7dd%26amp%3B690', 'PHOTO');
INSERT INTO `wc_moments` VALUES ('2018112312430700179', '好想哭啊，我为什么叫阿凡达', '2018112209485799882', '2018-11-23 12:43:07', 1, 'https://timgsa.baidu.com/timg?image&quality=80&size=b9999_10000&sec=1543548249&di=74b243a26a5d8aac750843dfd39e8cf3&imgtype=jpg&er=1&src=http%3A%2F%2Fs14.sinaimg.cn%2Fmw690%2F002ZriB0zy72JzMLZz7dd%26amp%3B690', 'PHOTO');
INSERT INTO `wc_moments` VALUES ('2018120710521023984', '你们这些坏人...', '2018111514554801539', '2018-12-07 10:52:10', 1, 'https://timgsa.baidu.com/timg?image&quality=80&size=b9999_10000&sec=1543548249&di=74b243a26a5d8aac750843dfd39e8cf3&imgtype=jpg&er=1&src=http%3A%2F%2Fs14.sinaimg.cn%2Fmw690%2F002ZriB0zy72JzMLZz7dd%26amp%3B690', 'PHOTO');
INSERT INTO `wc_moments` VALUES ('2018120710531550540', '一二三四五上街打老虎，老虎没打到，请你吃红薯，啦啦啦卖报的小行家', '2018111514554801539', '2018-12-07 10:53:15', 1, NULL, 'PURE_TEXT');
INSERT INTO `wc_moments` VALUES ('2019062017110081722', '6.20下午5:09,今天周四，天气预报说有暴雨好吓人....', '2018111514554801539', '2019-06-20 17:11:00', 1, NULL, 'PURE_TEXT');
INSERT INTO `wc_moments` VALUES ('2019062017135573568', '装修图请大家看看好不好看？', '2018111514554801539', '2019-06-20 17:13:55', 1, 'http://pic2.to8to.com/case/1704/08/20170408_9d6eecc3e374762dffdfpj13a8l17s6t_sp.jpg', 'PHOTO');
INSERT INTO `wc_moments` VALUES ('2020062816453410805', '大家好，第一条说说，请多关照', '2020062814235086899', '2020-06-28 16:45:34', 1, NULL, 'PHOTO');
INSERT INTO `wc_moments` VALUES ('2020062817070622074', '寻思', '2018111514554801539', '2020-06-28 17:07:06', 1, NULL, 'PHOTO');
INSERT INTO `wc_moments` VALUES ('2020062817105910967', '记得记得就', '2018111514554801539', '2020-06-28 17:10:59', 1, NULL, 'PURE_TEXT');
INSERT INTO `wc_moments` VALUES ('2020062910541451553', '基督教自己做', '2018112614440997566', '2020-06-29 10:54:14', 1, NULL, 'PURE_TEXT');
INSERT INTO `wc_moments` VALUES ('2020062912065085198', '初来乍到，请多关照，嘻嘻嘻', '2020062912054633912', '2020-06-29 12:06:50', 1, NULL, 'PURE_TEXT');
INSERT INTO `wc_moments` VALUES ('2020063012242708499', '今天是6.30号星期二', '2018112614561030387', '2020-06-30 12:24:27', 1, NULL, 'PURE_TEXT');
INSERT INTO `wc_moments` VALUES ('2020063012411329688', '啦啦啦啦卖报的小行家', '2018111514554801539', '2020-06-30 12:41:13', 1, NULL, 'PURE_TEXT');
INSERT INTO `wc_moments` VALUES ('2020063012511325947', '四大皆空SDK四大皆空', '2018112614561030387', '2020-06-30 12:51:13', 1, NULL, 'PURE_TEXT');
INSERT INTO `wc_moments` VALUES ('2020063014303143374', '这是我的第一条说说，我也不知道想表达什么，但是我就是这样发出来了，理解万岁。阳光明媚奋进真好苏州好天气好未来胆囊结石接单时间大手大脚上点基金啥大件四大皆空，啦啦啦，一起跳舞，开心都不如一起跳舞！', '2020062911210034485', '2020-06-30 14:30:31', 1, NULL, 'PURE_TEXT');

-- ----------------------------
-- Table structure for wc_reply
-- ----------------------------
DROP TABLE IF EXISTS `wc_reply`;
CREATE TABLE `wc_reply`  (
  `reply_id` varchar(255) CHARACTER SET utf8 COLLATE utf8_unicode_ci NOT NULL COMMENT '回复id',
  `reply_parent_id` varchar(255) CHARACTER SET utf8 COLLATE utf8_unicode_ci DEFAULT NULL COMMENT '回复父id',
  `dynamic_id` varchar(255) CHARACTER SET utf8 COLLATE utf8_unicode_ci NOT NULL COMMENT '该动态主id',
  `reply_parent_user_id` varchar(255) CHARACTER SET utf8 COLLATE utf8_unicode_ci DEFAULT NULL COMMENT '被回复人的userId',
  `dynamic_user_id` varchar(255) CHARACTER SET utf8 COLLATE utf8_unicode_ci NOT NULL COMMENT '该条回复的userId',
  `reply_content` varchar(255) CHARACTER SET utf8 COLLATE utf8_unicode_ci NOT NULL COMMENT '回复内容',
  `creation_time` datetime NOT NULL COMMENT '回复时间',
  `is_show` tinyint(4) NOT NULL COMMENT '是否显示',
  `dynamic_type` varchar(255) CHARACTER SET utf8 COLLATE utf8_unicode_ci NOT NULL COMMENT '该动态类别 新闻、话题、说说',
  `second_dynamic_id` varchar(255) CHARACTER SET utf8 COLLATE utf8_unicode_ci NOT NULL COMMENT '所属一级评论',
  PRIMARY KEY (`reply_id`) USING BTREE
) ENGINE = InnoDB CHARACTER SET = utf8 COLLATE = utf8_unicode_ci ROW_FORMAT = Compact;

-- ----------------------------
-- Records of wc_reply
-- ----------------------------
INSERT INTO `wc_reply` VALUES ('  ', NULL, '2018111916441291963', NULL, '2018111514554801539', '说的真好', '2018-11-21 16:50:18', 1, 'NEWS', 'RP201811211650186103');
INSERT INTO `wc_reply` VALUES ('RP201811221007028470', NULL, '2018111916441291963', NULL, '2018112209485799882', '说的真好+1', '2018-11-22 10:07:02', 1, 'NEWS', 'RP201811221007028470');
INSERT INTO `wc_reply` VALUES ('RP201811221105508699', NULL, '2018111916441291963', NULL, '2018112209485799882', '说的真好+2', '2018-11-22 11:05:50', 1, 'NEWS', 'RP201811221105508699');
INSERT INTO `wc_reply` VALUES ('RP201811221408501569', 'RP201811211650186103', '2018111916441291963', '2018111514554801539', '2018112209485799882', '说的哪里好了？', '2018-11-22 14:08:50', 1, 'NEWS', 'RP201811211650186103');
INSERT INTO `wc_reply` VALUES ('RP201811221514597422', 'RP201811221408501569', '2018111916441291963', '2018112209485799882', '2018111514554801539', '我说错了吗？', '2018-11-22 15:14:59', 1, 'NEWS', 'RP201811211650186103');
INSERT INTO `wc_reply` VALUES ('RP201811221538107123', NULL, '2018111916441291963', NULL, '2018111514554801539', '好棒啊', '2018-11-22 15:38:10', 1, 'NEWS', 'RP201811221538107123');
INSERT INTO `wc_reply` VALUES ('RP201812100939509116', NULL, '2018112311245829795', NULL, '2018112209485799882', '我擦，你竟然发说说了', '2018-12-10 09:39:50', 1, 'MOMENTS', 'RP201812100939509116');
INSERT INTO `wc_reply` VALUES ('RP201812111333176987', NULL, '2018112311245829795', NULL, '2018112209485799882', '刚刚那条评论错了', '2018-12-11 13:33:17', 1, 'MOMENTS', 'RP201812111333176987');
INSERT INTO `wc_reply` VALUES ('RP201812111334531178', NULL, '2018112311245829795', NULL, '2018112614561030387', '哪儿拍的？', '2018-12-11 13:34:53', 1, 'MOMENTS', 'RP201812111334531178');
INSERT INTO `wc_reply` VALUES ('RP201812111423500004', 'RP201812111334531178', '2018112311245829795', '2018112614561030387', '2018111514554801539', '在独墅湖这边拍的，好看吧', '2018-12-11 14:23:50', 1, 'MOMENTS', 'RP201812111334531178');
INSERT INTO `wc_reply` VALUES ('RP201812111530361102', 'RP201812111423500004', '2018112311245829795', '2018111514554801539', '2018112614561030387', '一般般', '2018-12-11 15:30:36', 1, 'MOMENTS', 'RP201812111334531178');
INSERT INTO `wc_reply` VALUES ('RP201906250931317465', NULL, '2019062017135573568', NULL, '2018111514554801539', '装修得还可以喜欢', '2019-06-25 09:31:31', 1, 'MOMENTS', 'RP201906250931317465');
INSERT INTO `wc_reply` VALUES ('RP201906250932137991', NULL, '2019062017135573568', NULL, '2018111514554801539', '谢谢大家', '2019-06-25 09:32:13', 1, 'MOMENTS', 'RP201906250932137991');
INSERT INTO `wc_reply` VALUES ('RP201906250935068184', 'RP201906250932137991', '2019062017135573568', '2018111514554801539', '2018111514554801539', '不用客气', '2019-06-25 09:35:06', 1, 'MOMENTS', 'RP201906250932137991');
INSERT INTO `wc_reply` VALUES ('RP201910161238303838', NULL, '2019062017110081722', NULL, '2018111514554801539', '自己给自己评论', '2019-10-16 12:38:30', 1, 'MOMENTS', 'RP201910161238303838');
INSERT INTO `wc_reply` VALUES ('RP201910161238409267', NULL, '2018120710531550540', NULL, '2018111514554801539', '自己开了', '2019-10-16 12:38:40', 1, 'MOMENTS', 'RP201910161238409267');
INSERT INTO `wc_reply` VALUES ('RP201910161238454148', NULL, '2018120710531550540', NULL, '2018111514554801539', '自己来了', '2019-10-16 12:38:45', 1, 'MOMENTS', 'RP201910161238454148');
INSERT INTO `wc_reply` VALUES ('RP202006281659533302', NULL, '2019062017110081722', NULL, '2020062814235086899', '方法', '2020-06-28 16:59:53', 1, 'MOMENTS', 'RP202006281659533302');
INSERT INTO `wc_reply` VALUES ('RP202006281700022963', NULL, '2018120710531550540', NULL, '2020062814235086899', '滚滚滚', '2020-06-28 17:00:02', 1, 'MOMENTS', 'RP202006281700022963');
INSERT INTO `wc_reply` VALUES ('RP202006291057084049', NULL, '2018120710531550540', NULL, '2018112614440997566', '冲锋啊萨达姆', '2020-06-29 10:57:08', 1, 'MOMENTS', 'RP202006291057084049');
INSERT INTO `wc_reply` VALUES ('RP202006291641396746', NULL, '2019062017135573568', NULL, '2018111514554801539', '呵呵呵呵', '2020-06-29 16:41:39', 1, 'MOMENTS', 'RP202006291641396746');
INSERT INTO `wc_reply` VALUES ('RP202006291727322193', NULL, '2020062912065085198', NULL, '2018111514554801539', '小妹妹好可爱，来叔叔抱', '2020-06-29 17:27:32', 1, 'MOMENTS', 'RP202006291727322193');
INSERT INTO `wc_reply` VALUES ('RP202006301234044591', 'RP202006291641396746', '2019062017135573568', '2018111514554801539', '2018111514554801539', '好的', '2020-06-30 12:34:04', 1, 'MOMENTS', 'RP202006291641396746');
INSERT INTO `wc_reply` VALUES ('RP202006301240096808', NULL, '2019062017135573568', NULL, '2018111514554801539', '不要脸', '2020-06-30 12:40:09', 1, 'MOMENTS', 'RP202006301240096808');
INSERT INTO `wc_reply` VALUES ('RP202006301246441354', NULL, '2020063012411329688', NULL, '2018112614561030387', '傻屌', '2020-06-30 12:46:44', 1, 'MOMENTS', 'RP202006301246441354');
INSERT INTO `wc_reply` VALUES ('RP202006301249445371', NULL, '2020063012411329688', NULL, '2018112614561030387', '傻屌2', '2020-06-30 12:49:44', 1, 'MOMENTS', 'RP202006301249445371');
INSERT INTO `wc_reply` VALUES ('RP202006301251212968', NULL, '2020063012511325947', NULL, '2018112614561030387', '还可以', '2020-06-30 12:51:21', 1, 'MOMENTS', 'RP202006301251212968');
INSERT INTO `wc_reply` VALUES ('RP202006301251308985', 'RP202006301249445371', '2020063012411329688', '2018112614561030387', '2018112614561030387', '等我', '2020-06-30 12:51:30', 1, 'MOMENTS', 'RP202006301249445371');
INSERT INTO `wc_reply` VALUES ('RP202006301431341213', NULL, '2020063012511325947', NULL, '2020062911210034485', '有什么好看新的事情吗？', '2020-06-30 14:31:34', 1, 'MOMENTS', 'RP202006301431341213');
INSERT INTO `wc_reply` VALUES ('RP202006301432003294', 'RP202006301251308985', '2020063012411329688', '2018112614561030387', '2020062911210034485', '我有急事，先走了下次再约吧 ', '2020-06-30 14:32:00', 1, 'MOMENTS', 'RP202006301249445371');

-- ----------------------------
-- Table structure for wc_user
-- ----------------------------
DROP TABLE IF EXISTS `wc_user`;
CREATE TABLE `wc_user`  (
  `user_id` varchar(255) CHARACTER SET utf8 COLLATE utf8_unicode_ci NOT NULL,
  `user_name` varchar(255) CHARACTER SET utf8 COLLATE utf8_unicode_ci DEFAULT NULL,
  `signature` varchar(255) CHARACTER SET utf8 COLLATE utf8_unicode_ci DEFAULT NULL COMMENT '个性签名',
  `gender` varchar(255) CHARACTER SET utf8 COLLATE utf8_unicode_ci NOT NULL,
  `head_avatar` varchar(255) CHARACTER SET utf8 COLLATE utf8_unicode_ci DEFAULT NULL COMMENT '头像',
  `password` varchar(255) CHARACTER SET utf8 COLLATE utf8_unicode_ci NOT NULL,
  `phone` varchar(255) CHARACTER SET utf8 COLLATE utf8_unicode_ci NOT NULL,
  `city` varchar(255) CHARACTER SET utf8 COLLATE utf8_unicode_ci DEFAULT NULL COMMENT '江苏 苏州',
  `age` int(10) DEFAULT NULL,
  `background_wall` varchar(255) CHARACTER SET utf8 COLLATE utf8_unicode_ci DEFAULT NULL COMMENT '背景墙',
  `creation_time` datetime DEFAULT NULL COMMENT '创建时间',
  `update_time` datetime DEFAULT NULL COMMENT '修改时间',
  `visitor_num` int(11) DEFAULT NULL COMMENT '空间访问量',
  PRIMARY KEY (`user_id`) USING BTREE
) ENGINE = InnoDB CHARACTER SET = utf8 COLLATE = utf8_unicode_ci ROW_FORMAT = Compact;

-- ----------------------------
-- Records of wc_user
-- ----------------------------
INSERT INTO `wc_user` VALUES ('2018111514554801539', '安德拉', '你若安好便是晴天2222', 'MAN', 'https://timgsa.baidu.com/timg?image&quality=80&size=b9999_10000&sec=1571199742808&di=64194a02d5baea3bf376b6b502e3554d&imgtype=0&src=http%3A%2F%2Fimg.vv.sc.cn%2F2019%2F0507%2F20190507115339145.jpg', '$2a$10$BmdrVpI1z6lbjyQNdEykaOOP8LVFF.vUg2csjiaWUhJmE6yEYnYUG', '18844157372', '江苏 常州', 12, 'http://image.biaobaiju.com/uploads/20180918/15/1537256494-ZnSKMzEoBI.jpeg', '2018-11-15 14:55:48', '2020-06-29 12:15:11', NULL);
INSERT INTO `wc_user` VALUES ('2018112209485799882', '阿凡达', '如果额头终将刻上皱纹，我们唯一能做的是不让皱纹刻在心里。', 'MAN', 'http://img0.imgtn.bdimg.com/it/u=2577022489,1269768065&fm=26&gp=0.jpg', '$2a$10$.Ehdm124nBWnhhPxpHMGjuFyN/xtHRAG0NQnA13D10BDsvok38xke', '18844157373', '江苏 无锡', 99, 'http://img.zx123.cn/Resources/zx123cn/uploadfile/2018/0426/0429021d4bf64dcc6f20c9b07409e088.jpg', '2018-11-22 09:48:59', '2018-11-22 09:48:59', NULL);
INSERT INTO `wc_user` VALUES ('2018112522392311637', '阿拉丁', '这个人很懒什么都没留下', 'MAN', 'http://pic.qqtn.com/up/2018-2/2018022813173822478.jpg', '$2a$10$MW5KXsrGOh7KNYbbueV1R.iLuztZjXS/Y4R5IvDiVoLbIRCI1FzP.', '18844156666', '江苏 南京', 10, 'http://image.biaobaiju.com/uploads/20180918/15/1537256494-ZnSKMzEoBI.jpeg', '2018-11-25 22:39:23', '2018-11-25 22:39:23', NULL);
INSERT INTO `wc_user` VALUES ('2018112614440997566', '奔波儿灞', '哈哈哈哈哈哈好开心', 'MAN', 'http://img4.imgtn.bdimg.com/it/u=259120694,1413796641&fm=214&gp=0.jpg', '$2a$10$iFREF4kI459eMxiRQlNO5uZDQFs6UalXRf/rcgBg2/.R71ZMSCNU.', '18888888888', '江苏 南通', 20, 'http://image.biaobaiju.com/uploads/20180918/15/1537256494-ZnSKMzEoBI.jpeg', '2018-11-26 14:44:09', '2018-11-26 14:44:09', NULL);
INSERT INTO `wc_user` VALUES ('2018112614561030387', '霸波尔奔', '你好啊呀呀呀有', 'WOMAN', 'http://i3.hoopchina.com.cn/blogfile/201310/24/138258152045341.JPG', '$2a$10$rMGKr2SFvpCMuxzideT6muzt2CELC8rVV8pImE.B7jmbE7aZDSQbe', '18888888887', '江苏 南通', 21, 'http://image.biaobaiju.com/uploads/20180918/15/1537256494-ZnSKMzEoBI.jpeg', '2018-11-26 14:56:10', '2020-06-30 13:08:12', NULL);
INSERT INTO `wc_user` VALUES ('2020062814181153910', 'u159332509149795293', NULL, 'MAN', NULL, '$2a$10$cJDLCatx0OkmMCMxWmm26u1Meudmag6WddvOM6c2rihTcvzYY.PYC', '18888888889', NULL, NULL, NULL, '2020-06-28 14:18:11', '2020-06-28 14:18:11', NULL);
INSERT INTO `wc_user` VALUES ('2020062814235086899', '撒拉黑', NULL, 'MAN', NULL, '$2a$10$lRKnFZHx5vvlyaTBoVTE5ONHyPcitptgqvEriFowVdkn5m3KvgG7K', '18888888886', NULL, NULL, NULL, '2020-06-28 14:23:50', '2020-06-28 16:43:09', NULL);
INSERT INTO `wc_user` VALUES ('2020062814252099804', 'u159332552015787156', NULL, 'MAN', NULL, '$2a$10$jEynsPumwx6IKfT4LDqQsuE5lgPfddVh1AnHz7b9GGffic5/ky.4S', '18888888885', NULL, NULL, NULL, '2020-06-28 14:25:20', '2020-06-28 14:25:20', NULL);
INSERT INTO `wc_user` VALUES ('2020062814270290510', 'u159332562235296875', NULL, 'MAN', NULL, '$2a$10$VAYeAYD6.Mod0X3yuiqsA.oTEbjDQ3jiPVXZB9q2Zh9ejw3CDFXle', '18888888881', NULL, NULL, NULL, '2020-06-28 14:27:02', '2020-06-28 14:27:02', NULL);
INSERT INTO `wc_user` VALUES ('2020062814380699452', 'u159332628680926075', NULL, 'MAN', NULL, '$2a$10$40WDdktmw6W3iS58vq641eDgcravar3ZXGWCmArheweYAmu2Kg.fC', '18844157777', NULL, NULL, NULL, '2020-06-28 14:38:06', '2020-06-28 14:38:06', NULL);
INSERT INTO `wc_user` VALUES ('2020062814390732620', 'u159332634716298845', NULL, 'MAN', NULL, '$2a$10$KvZdDQLFidx4GS2tjNFbMOMJ0vvbBM4O9SjwZGFIvvMq9foREDdTC', '18844555555', NULL, NULL, NULL, '2020-06-28 14:39:07', '2020-06-28 14:39:07', NULL);
INSERT INTO `wc_user` VALUES ('2020062911004668327', 'u159339964693501599', NULL, 'MAN', NULL, '$2a$10$U/oNLsmsiMWmUpEJs3LpfufT6HAaqDs0Y2S.YqcZO21Cvh9JIal3O', '17777777777', NULL, NULL, NULL, '2020-06-29 11:00:46', '2020-06-29 11:00:46', NULL);
INSERT INTO `wc_user` VALUES ('2020062911120038295', 'u159340032083521118', NULL, 'MAN', NULL, '$2a$10$uCW/gE3zhheCgJ8FQUKfWOGZyQaBiXPuQ9RIBaQkbwq48NKgjR5Ge', '16666666666', NULL, NULL, NULL, '2020-06-29 11:12:00', '2020-06-29 11:12:00', NULL);
INSERT INTO `wc_user` VALUES ('2020062911210034485', '孙悟空', NULL, 'MAN', NULL, '$2a$10$lx/8XrebLfjxLQzgR6fiRO6I1sMW0qMrHJBLAvB2UKxxpEh/D4oRq', '15555555555', NULL, NULL, NULL, '2020-06-29 11:21:00', '2020-06-30 17:18:26', NULL);
INSERT INTO `wc_user` VALUES ('2020062912054633912', '啊啦啦吧小魔仙', NULL, 'WOMAN', NULL, '$2a$10$wzd2xU4WqwYiLRIw5hg8/eoERlpnTndTmzNrSI004RyAz6lAUr9iK', '14444444444', NULL, NULL, NULL, '2020-06-29 12:05:46', '2020-06-29 12:08:59', NULL);
INSERT INTO `wc_user` VALUES ('2020062912304297326', 'u159340504291405948', NULL, 'MAN', NULL, '$2a$10$n/mS4GkLUDPLYvbq2zUUWOTZgZPCIiLyZWpT4qWb5nZnSkIUdWmbC', '13333333333', NULL, NULL, NULL, '2020-06-29 12:30:42', '2020-06-29 12:30:42', NULL);

-- ----------------------------
-- Table structure for wc_visitor
-- ----------------------------
DROP TABLE IF EXISTS `wc_visitor`;
CREATE TABLE `wc_visitor`  (
  `visitor_id` bigint(10) NOT NULL AUTO_INCREMENT,
  `creation_time` datetime NOT NULL COMMENT '访问时间',
  `user_id` varchar(255) CHARACTER SET utf8 COLLATE utf8_unicode_ci NOT NULL COMMENT '访客id',
  `visitors_uesr` varchar(255) CHARACTER SET utf8 COLLATE utf8_unicode_ci NOT NULL COMMENT '被访问的id',
  PRIMARY KEY (`visitor_id`) USING BTREE
) ENGINE = InnoDB AUTO_INCREMENT = 10000031 CHARACTER SET = utf8 COLLATE = utf8_unicode_ci COMMENT = '访客记录表  group by' ROW_FORMAT = Compact;

-- ----------------------------
-- Records of wc_visitor
-- ----------------------------
INSERT INTO `wc_visitor` VALUES (10000012, '2018-11-27 09:16:34', '2018111514554801539', '2018112614561030387');
INSERT INTO `wc_visitor` VALUES (10000013, '2019-06-26 09:55:16', '2018111514554801539', '2018112614561030387');
INSERT INTO `wc_visitor` VALUES (10000014, '2019-06-26 11:04:31', '2018111514554801539', '2018112614561030387');
INSERT INTO `wc_visitor` VALUES (10000015, '2019-06-26 13:53:51', '2018111514554801539', '2018112614561030387');
INSERT INTO `wc_visitor` VALUES (10000016, '2019-06-26 14:02:18', '2018111514554801539', '2018112614561030387');
INSERT INTO `wc_visitor` VALUES (10000017, '2019-10-16 11:28:27', '2018111514554801539', '2018112614440997566');
INSERT INTO `wc_visitor` VALUES (10000018, '2019-10-16 11:28:34', '2018111514554801539', '2018112614561030387');
INSERT INTO `wc_visitor` VALUES (10000019, '2019-10-16 11:28:44', '2018111514554801539', '2018112614440997566');
INSERT INTO `wc_visitor` VALUES (10000020, '2019-10-16 11:30:20', '2018111514554801539', '2018112209485799882');
INSERT INTO `wc_visitor` VALUES (10000021, '2019-10-16 11:30:24', '2018111514554801539', '2018112522392311637');
INSERT INTO `wc_visitor` VALUES (10000022, '2019-10-16 11:30:26', '2018111514554801539', '2018112614561030387');
INSERT INTO `wc_visitor` VALUES (10000023, '2019-10-16 11:30:30', '2018111514554801539', '2018112209485799882');
INSERT INTO `wc_visitor` VALUES (10000024, '2019-10-16 11:30:34', '2018111514554801539', '2018112209485799882');
INSERT INTO `wc_visitor` VALUES (10000025, '2019-10-16 11:30:36', '2018111514554801539', '2018112614561030387');
INSERT INTO `wc_visitor` VALUES (10000026, '2019-10-16 12:33:35', '2018111514554801539', '2018112614440997566');
INSERT INTO `wc_visitor` VALUES (10000027, '2019-10-16 12:33:38', '2018111514554801539', '2018112209485799882');
INSERT INTO `wc_visitor` VALUES (10000028, '2019-10-16 12:33:40', '2018111514554801539', '2018112614440997566');
INSERT INTO `wc_visitor` VALUES (10000029, '2019-10-16 12:33:42', '2018111514554801539', '2018112209485799882');
INSERT INTO `wc_visitor` VALUES (10000030, '2019-10-16 12:33:44', '2018111514554801539', '2018112614561030387');

SET FOREIGN_KEY_CHECKS = 1;
